ID,email,mobile,UserName,Password,booksLoan_ID,books_ID
95a5fc6e-ef5c-434a-96a2-5d9031d9f98c,JohnDoe@gmail.com,1234567890,sree,Sree@123,b7a6485c-2713-4293-b7db-cf71c6a8c6b7,
3a9acdf0-c33c-48c8-897f-dfe6a0d5a54d,JaneSmithJohnDoe@gmail.com, 1987654321,ram,Ram@123,3a9acdf0-c33c-48c8-897f-dfe6a0d5a54d,
a4023c15-5a42-4a39-af11-97c6507fc20b,MichaelJohnson@gmail.com, 1765432987,subash,Subash@123,8646dd26-c69c-46c1-b9b3-23c7426d5477,
2d6b7b08-160f-4d6e-ae04-ff01ef0be0df,EmilyBrown@gmail.com, 1654321890,naveen,Naveen@123,003f5cd9-4e80-4979-bbc5-9718e6b29b3814,
604b2b2b-8a6e-4341-961d-2fe09f02c324,DavidWilson@gmail.com, 1876543210,rajesh,Rajesh@123,23d8ae28-f3c7-4865-9d3d-83309e647e19,
a0701fc8-25a1-45bb-a99a-f1e5ac2989fd,SarahTaylor@gmail.com, 1543219876,pooji,Pooji@123,e37c69bc-5cd5-46e2-a7a7-8b3639e82f9b,
f42cc1a6-cb0d-4c91-8893-3ee4f8dd94e3,ChristopherLee@gmail.com, 1324567890,ramya,Ramya@123,97532b5c-8f08-40c5-947f-f0c197a1f571,
a5006a0e-8709-4aa5-891e-776b03e24f51,AmandaMartinez@gmail.com, 1876543219,aruna,Aruna@123,9d23e6cf-ffed-448d-a6f3-3a8d5a3e5d48,
05fd88e6-226e-48a1-8e02-8921a789cb28,RobertGarcia@gmail.com, 1987654329,satish,Satish@123,003f5cd9-4e80-4979-bbc5-9708e6b29b39,
8db4096d-5a91-47b4-93d5-5e398ac2ff9a,LisaThomas@gmail.com, 1654321897,ramesh,Ramesh@123,c159a854-f09e-4e7e-abe0-b255f07132ec,